function, code1, hexcode1, code2, hexcode2

"CC","sendir,1:1,1,38000,1,69,340,171,21,21,21,21,21,65,21,21,21,21,21,21,21,21,21,21,21,65,21,65,21,21,21,65,21,65,21,65,21,65,21,65,21,65,21,21,21,21,21,65,21,65,21,65,21,21,21,21,21,21,21,65,21,65,21,21,21,21,21,21,21,65,21,65,21,1555,340,86,21,3678","0000 006D 0022 0002 0154 00AB 0015 0015 0015 0015 0015 0041 0015 0015 0015 0015 0015 0015 0015 0015 0015 0015 0015 0041 0015 0041 0015 0015 0015 0041 0015 0041 0015 0041 0015 0041 0015 0041 0015 0041 0015 0015 0015 0015 0015 0041 0015 0041 0015 0041 0015 0015 0015 0015 0015 0015 0015 0041 0015 0041 0015 0015 0015 0015 0015 0015 0015 0041 0015 0041 0015 0613 0154 0056 0015 0E5E",,

"CHANNEL DOWN","sendir,1:1,1,38000,1,69,340,171,21,21,21,21,21,65,21,21,21,21,21,21,21,21,21,21,21,65,21,65,21,21,21,65,21,65,21,65,21,65,21,65,21,65,21,21,21,21,21,21,21,21,21,21,21,21,21,21,21,21,21,65,21,65,21,65,21,65,21,65,21,65,21,65,21,1555,340,86,21,3678","0000 006D 0022 0002 0154 00AB 0015 0015 0015 0015 0015 0041 0015 0015 0015 0015 0015 0015 0015 0015 0015 0015 0015 0041 0015 0041 0015 0015 0015 0041 0015 0041 0015 0041 0015 0041 0015 0041 0015 0041 0015 0015 0015 0015 0015 0015 0015 0015 0015 0015 0015 0015 0015 0015 0015 0015 0015 0041 0015 0041 0015 0041 0015 0041 0015 0041 0015 0041 0015 0041 0015 0613 0154 0056 0015 0E5E",,

"CHANNEL UP","sendir,1:1,1,38000,1,69,340,171,21,21,21,21,21,65,21,21,21,21,21,21,21,21,21,21,21,65,21,65,21,21,21,65,21,65,21,65,21,65,21,65,21,21,21,21,21,21,21,21,21,21,21,21,21,21,21,21,21,65,21,65,21,65,21,65,21,65,21,65,21,65,21,65,21,1555,340,86,21,3678","0000 006D 0022 0002 0154 00AB 0015 0015 0015 0015 0015 0041 0015 0015 0015 0015 0015 0015 0015 0015 0015 0015 0015 0041 0015 0041 0015 0015 0015 0041 0015 0041 0015 0041 0015 0041 0015 0041 0015 0015 0015 0015 0015 0015 0015 0015 0015 0015 0015 0015 0015 0015 0015 0015 0015 0041 0015 0041 0015 0041 0015 0041 0015 0041 0015 0041 0015 0041 0015 0041 0015 0613 0154 0056 0015 0E5E",,

"CURSOR DOWN","sendir,1:1,1,38000,1,69,340,171,21,21,21,21,21,65,21,21,21,21,21,21,21,21,21,21,21,65,21,65,21,21,21,65,21,65,21,65,21,65,21,65,21,65,21,21,21,21,21,21,21,21,21,21,21,65,21,21,21,21,21,65,21,65,21,65,21,65,21,65,21,21,21,65,21,1555,340,86,21,3678","0000 006D 0022 0002 0154 00AB 0015 0015 0015 0015 0015 0041 0015 0015 0015 0015 0015 0015 0015 0015 0015 0015 0015 0041 0015 0041 0015 0015 0015 0041 0015 0041 0015 0041 0015 0041 0015 0041 0015 0041 0015 0015 0015 0015 0015 0015 0015 0015 0015 0015 0015 0041 0015 0015 0015 0015 0015 0041 0015 0041 0015 0041 0015 0041 0015 0041 0015 0015 0015 0041 0015 0613 0154 0056 0015 0E5E",,

"CURSOR ENTER","sendir,1:1,1,38000,1,69,340,171,21,21,21,21,21,65,21,21,21,21,21,21,21,21,21,21,21,65,21,65,21,21,21,65,21,65,21,65,21,65,21,65,21,21,21,21,21,65,21,21,21,21,21,21,21,65,21,21,21,65,21,65,21,21,21,65,21,65,21,65,21,21,21,65,21,1555,340,86,21,3678","0000 006D 0022 0002 0154 00AB 0015 0015 0015 0015 0015 0041 0015 0015 0015 0015 0015 0015 0015 0015 0015 0015 0015 0041 0015 0041 0015 0015 0015 0041 0015 0041 0015 0041 0015 0041 0015 0041 0015 0015 0015 0015 0015 0041 0015 0015 0015 0015 0015 0015 0015 0041 0015 0015 0015 0041 0015 0041 0015 0015 0015 0041 0015 0041 0015 0041 0015 0015 0015 0041 0015 0613 0154 0056 0015 0E5E",,

"CURSOR LEFT","sendir,1:1,1,38000,1,69,340,171,21,21,21,21,21,65,21,21,21,21,21,21,21,21,21,21,21,65,21,65,21,21,21,65,21,65,21,65,21,65,21,65,21,65,21,65,21,65,21,21,21,21,21,21,21,21,21,21,21,21,21,21,21,21,21,65,21,65,21,65,21,65,21,65,21,1555,340,86,21,3678","0000 006D 0022 0002 0154 00AB 0015 0015 0015 0015 0015 0041 0015 0015 0015 0015 0015 0015 0015 0015 0015 0015 0015 0041 0015 0041 0015 0015 0015 0041 0015 0041 0015 0041 0015 0041 0015 0041 0015 0041 0015 0041 0015 0041 0015 0015 0015 0015 0015 0015 0015 0015 0015 0015 0015 0015 0015 0015 0015 0015 0015 0041 0015 0041 0015 0041 0015 0041 0015 0041 0015 0613 0154 0056 0015 0E5E",,

"CURSOR RIGHT","sendir,1:1,1,38000,1,69,340,171,21,21,21,21,21,65,21,21,21,21,21,21,21,21,21,21,21,65,21,65,21,21,21,65,21,65,21,65,21,65,21,65,21,21,21,65,21,65,21,21,21,21,21,21,21,21,21,21,21,65,21,21,21,21,21,65,21,65,21,65,21,65,21,65,21,1555,340,86,21,3678","0000 006D 0022 0002 0154 00AB 0015 0015 0015 0015 0015 0041 0015 0015 0015 0015 0015 0015 0015 0015 0015 0015 0015 0041 0015 0041 0015 0015 0015 0041 0015 0041 0015 0041 0015 0041 0015 0041 0015 0015 0015 0041 0015 0041 0015 0015 0015 0015 0015 0015 0015 0015 0015 0015 0015 0041 0015 0015 0015 0015 0015 0041 0015 0041 0015 0041 0015 0041 0015 0041 0015 0613 0154 0056 0015 0E5E",,

"CURSOR UP","sendir,1:1,1,38000,1,69,340,171,21,21,21,21,21,65,21,21,21,21,21,21,21,21,21,21,21,65,21,65,21,21,21,65,21,65,21,65,21,65,21,65,21,21,21,21,21,21,21,21,21,21,21,21,21,65,21,21,21,65,21,65,21,65,21,65,21,65,21,65,21,21,21,65,21,1555,340,86,21,3678","0000 006D 0022 0002 0154 00AB 0015 0015 0015 0015 0015 0041 0015 0015 0015 0015 0015 0015 0015 0015 0015 0015 0015 0041 0015 0041 0015 0015 0015 0041 0015 0041 0015 0041 0015 0041 0015 0041 0015 0015 0015 0015 0015 0015 0015 0015 0015 0015 0015 0015 0015 0041 0015 0015 0015 0041 0015 0041 0015 0041 0015 0041 0015 0041 0015 0041 0015 0015 0015 0041 0015 0613 0154 0056 0015 0E5E",,

"DIGIT 0","sendir,1:1,1,38000,1,69,340,171,21,21,21,21,21,65,21,21,21,21,21,21,21,21,21,21,21,65,21,65,21,21,21,65,21,65,21,65,21,65,21,65,21,21,21,21,21,21,21,21,21,65,21,21,21,21,21,21,21,65,21,65,21,65,21,65,21,21,21,65,21,65,21,65,21,1555,340,86,21,3678","0000 006D 0022 0002 0154 00AB 0015 0015 0015 0015 0015 0041 0015 0015 0015 0015 0015 0015 0015 0015 0015 0015 0015 0041 0015 0041 0015 0015 0015 0041 0015 0041 0015 0041 0015 0041 0015 0041 0015 0015 0015 0015 0015 0015 0015 0015 0015 0041 0015 0015 0015 0015 0015 0015 0015 0041 0015 0041 0015 0041 0015 0041 0015 0015 0015 0041 0015 0041 0015 0041 0015 0613 0154 0056 0015 0E5E",,

"DIGIT 1","sendir,1:1,1,38000,1,69,340,171,21,21,21,21,21,65,21,21,21,21,21,21,21,21,21,21,21,65,21,65,21,21,21,65,21,65,21,65,21,65,21,65,21,65,21,21,21,21,21,21,21,65,21,21,21,21,21,21,21,21,21,65,21,65,21,65,21,21,21,65,21,65,21,65,21,1555,340,86,21,3678","0000 006D 0022 0002 0154 00AB 0015 0015 0015 0015 0015 0041 0015 0015 0015 0015 0015 0015 0015 0015 0015 0015 0015 0041 0015 0041 0015 0015 0015 0041 0015 0041 0015 0041 0015 0041 0015 0041 0015 0041 0015 0015 0015 0015 0015 0015 0015 0041 0015 0015 0015 0015 0015 0015 0015 0015 0015 0041 0015 0041 0015 0041 0015 0015 0015 0041 0015 0041 0015 0041 0015 0613 0154 0056 0015 0E5E",,

"DIGIT 2","sendir,1:1,1,38000,1,69,340,171,21,21,21,21,21,65,21,21,21,21,21,21,21,21,21,21,21,65,21,65,21,21,21,65,21,65,21,65,21,65,21,65,21,21,21,65,21,21,21,21,21,65,21,21,21,21,21,21,21,65,21,21,21,65,21,65,21,21,21,65,21,65,21,65,21,1555,340,86,21,3678","0000 006D 0022 0002 0154 00AB 0015 0015 0015 0015 0015 0041 0015 0015 0015 0015 0015 0015 0015 0015 0015 0015 0015 0041 0015 0041 0015 0015 0015 0041 0015 0041 0015 0041 0015 0041 0015 0041 0015 0015 0015 0041 0015 0015 0015 0015 0015 0041 0015 0015 0015 0015 0015 0015 0015 0041 0015 0015 0015 0041 0015 0041 0015 0015 0015 0041 0015 0041 0015 0041 0015 0613 0154 0056 0015 0E5E",,

"DIGIT 3","sendir,1:1,1,38000,1,69,340,171,21,21,21,21,21,65,21,21,21,21,21,21,21,21,21,21,21,65,21,65,21,21,21,65,21,65,21,65,21,65,21,65,21,65,21,65,21,21,21,21,21,65,21,21,21,21,21,21,21,21,21,21,21,65,21,65,21,21,21,65,21,65,21,65,21,1555,340,86,21,3678","0000 006D 0022 0002 0154 00AB 0015 0015 0015 0015 0015 0041 0015 0015 0015 0015 0015 0015 0015 0015 0015 0015 0015 0041 0015 0041 0015 0015 0015 0041 0015 0041 0015 0041 0015 0041 0015 0041 0015 0041 0015 0041 0015 0015 0015 0015 0015 0041 0015 0015 0015 0015 0015 0015 0015 0015 0015 0015 0015 0041 0015 0041 0015 0015 0015 0041 0015 0041 0015 0041 0015 0613 0154 0056 0015 0E5E",,

"DIGIT 4","sendir,1:1,1,38000,1,69,341,171,21,21,21,21,21,65,21,21,21,21,21,21,21,21,21,21,21,65,21,65,21,21,21,65,21,65,21,65,21,65,21,65,21,21,21,21,21,65,21,21,21,65,21,21,21,21,21,21,21,65,21,65,21,21,21,65,21,21,21,65,21,65,21,65,21,1555,341,86,21,3678","0000 006D 0022 0002 0155 00AB 0015 0015 0015 0015 0015 0041 0015 0015 0015 0015 0015 0015 0015 0015 0015 0015 0015 0041 0015 0041 0015 0015 0015 0041 0015 0041 0015 0041 0015 0041 0015 0041 0015 0015 0015 0015 0015 0041 0015 0015 0015 0041 0015 0015 0015 0015 0015 0015 0015 0041 0015 0041 0015 0015 0015 0041 0015 0015 0015 0041 0015 0041 0015 0041 0015 0613 0155 0056 0015 0E5E",,

"DIGIT 5","sendir,1:1,1,38000,1,69,340,171,21,21,21,21,21,65,21,21,21,21,21,21,21,21,21,21,21,65,21,65,21,21,21,65,21,65,21,65,21,65,21,65,21,65,21,21,21,65,21,21,21,65,21,21,21,21,21,21,21,21,21,65,21,21,21,65,21,21,21,65,21,65,21,65,21,1555,340,86,21,3678","0000 006D 0022 0002 0154 00AB 0015 0015 0015 0015 0015 0041 0015 0015 0015 0015 0015 0015 0015 0015 0015 0015 0015 0041 0015 0041 0015 0015 0015 0041 0015 0041 0015 0041 0015 0041 0015 0041 0015 0041 0015 0015 0015 0041 0015 0015 0015 0041 0015 0015 0015 0015 0015 0015 0015 0015 0015 0041 0015 0015 0015 0041 0015 0015 0015 0041 0015 0041 0015 0041 0015 0613 0154 0056 0015 0E5E",,

"DIGIT 6","sendir,1:1,1,38000,1,69,340,171,21,21,21,21,21,65,21,21,21,21,21,21,21,21,21,21,21,65,21,65,21,21,21,65,21,65,21,65,21,65,21,65,21,21,21,65,21,65,21,21,21,65,21,21,21,21,21,21,21,65,21,21,21,21,21,65,21,21,21,65,21,65,21,65,21,1555,340,86,21,3678","0000 006D 0022 0002 0154 00AB 0015 0015 0015 0015 0015 0041 0015 0015 0015 0015 0015 0015 0015 0015 0015 0015 0015 0041 0015 0041 0015 0015 0015 0041 0015 0041 0015 0041 0015 0041 0015 0041 0015 0015 0015 0041 0015 0041 0015 0015 0015 0041 0015 0015 0015 0015 0015 0015 0015 0041 0015 0015 0015 0015 0015 0041 0015 0015 0015 0041 0015 0041 0015 0041 0015 0613 0154 0056 0015 0E5E",,

"DIGIT 7","sendir,1:1,1,38000,1,69,340,171,21,21,21,21,21,65,21,21,21,21,21,21,21,21,21,21,21,65,21,65,21,21,21,65,21,65,21,65,21,65,21,65,21,65,21,65,21,65,21,21,21,65,21,21,21,21,21,21,21,21,21,21,21,21,21,65,21,21,21,65,21,65,21,65,21,1555,340,86,21,3678","0000 006D 0022 0002 0154 00AB 0015 0015 0015 0015 0015 0041 0015 0015 0015 0015 0015 0015 0015 0015 0015 0015 0015 0041 0015 0041 0015 0015 0015 0041 0015 0041 0015 0041 0015 0041 0015 0041 0015 0041 0015 0041 0015 0041 0015 0015 0015 0041 0015 0015 0015 0015 0015 0015 0015 0015 0015 0015 0015 0015 0015 0041 0015 0015 0015 0041 0015 0041 0015 0041 0015 0613 0154 0056 0015 0E5E",,

"DIGIT 8","sendir,1:1,1,38000,1,69,340,171,21,21,21,21,21,65,21,21,21,21,21,21,21,21,21,21,21,65,21,65,21,21,21,65,21,65,21,65,21,65,21,65,21,21,21,21,21,21,21,65,21,65,21,21,21,21,21,21,21,65,21,65,21,65,21,21,21,21,21,65,21,65,21,65,21,1555,340,86,21,3678","0000 006D 0022 0002 0154 00AB 0015 0015 0015 0015 0015 0041 0015 0015 0015 0015 0015 0015 0015 0015 0015 0015 0015 0041 0015 0041 0015 0015 0015 0041 0015 0041 0015 0041 0015 0041 0015 0041 0015 0015 0015 0015 0015 0015 0015 0041 0015 0041 0015 0015 0015 0015 0015 0015 0015 0041 0015 0041 0015 0041 0015 0015 0015 0015 0015 0041 0015 0041 0015 0041 0015 0613 0154 0056 0015 0E5E",,

"DIGIT 9","sendir,1:1,1,38000,1,69,340,171,21,21,21,21,21,65,21,21,21,21,21,21,21,21,21,21,21,65,21,65,21,21,21,65,21,65,21,65,21,65,21,65,21,65,21,21,21,21,21,65,21,65,21,21,21,21,21,21,21,21,21,65,21,65,21,21,21,21,21,65,21,65,21,65,21,1555,340,86,21,3678","0000 006D 0022 0002 0154 00AB 0015 0015 0015 0015 0015 0041 0015 0015 0015 0015 0015 0015 0015 0015 0015 0015 0015 0041 0015 0041 0015 0015 0015 0041 0015 0041 0015 0041 0015 0041 0015 0041 0015 0041 0015 0015 0015 0015 0015 0041 0015 0041 0015 0015 0015 0015 0015 0015 0015 0015 0015 0041 0015 0041 0015 0015 0015 0015 0015 0041 0015 0041 0015 0041 0015 0613 0154 0056 0015 0E5E",,

"ENTER","sendir,1:1,1,38000,1,69,340,171,21,21,21,21,21,65,21,21,21,21,21,21,21,21,21,21,21,65,21,65,21,21,21,65,21,65,21,65,21,65,21,65,21,21,21,21,21,65,21,21,21,21,21,21,21,65,21,21,21,65,21,65,21,21,21,65,21,65,21,65,21,21,21,65,21,1555,340,86,21,3678","0000 006D 0022 0002 0154 00AB 0015 0015 0015 0015 0015 0041 0015 0015 0015 0015 0015 0015 0015 0015 0015 0015 0015 0041 0015 0041 0015 0015 0015 0041 0015 0041 0015 0041 0015 0041 0015 0041 0015 0015 0015 0015 0015 0041 0015 0015 0015 0015 0015 0015 0015 0041 0015 0015 0015 0041 0015 0041 0015 0015 0015 0041 0015 0041 0015 0041 0015 0015 0015 0041 0015 0613 0154 0056 0015 0E5E",,

"FORMAT SCROLL","sendir,1:1,1,38000,1,69,340,171,21,21,21,21,21,65,21,21,21,21,21,21,21,21,21,21,21,65,21,65,21,21,21,65,21,65,21,65,21,65,21,65,21,65,21,21,21,21,21,65,21,65,21,65,21,65,21,21,21,21,21,65,21,65,21,21,21,21,21,21,21,21,21,65,21,1555,340,86,21,3678","0000 006D 0022 0002 0154 00AB 0015 0015 0015 0015 0015 0041 0015 0015 0015 0015 0015 0015 0015 0015 0015 0015 0015 0041 0015 0041 0015 0015 0015 0041 0015 0041 0015 0041 0015 0041 0015 0041 0015 0041 0015 0015 0015 0015 0015 0041 0015 0041 0015 0041 0015 0041 0015 0015 0015 0015 0015 0041 0015 0041 0015 0015 0015 0015 0015 0015 0015 0015 0015 0041 0015 0613 0154 0056 0015 0E5E",,

"FREEZE","sendir,1:1,1,38000,1,69,340,171,21,21,21,21,21,65,21,21,21,21,21,21,21,21,21,21,21,65,21,65,21,21,21,65,21,65,21,65,21,65,21,65,21,65,21,21,21,65,21,21,21,21,21,65,21,65,21,21,21,21,21,65,21,21,21,65,21,65,21,21,21,21,21,65,21,1555,340,86,21,3678","0000 006D 0022 0002 0154 00AB 0015 0015 0015 0015 0015 0041 0015 0015 0015 0015 0015 0015 0015 0015 0015 0015 0015 0041 0015 0041 0015 0015 0015 0041 0015 0041 0015 0041 0015 0041 0015 0041 0015 0041 0015 0015 0015 0041 0015 0015 0015 0015 0015 0041 0015 0041 0015 0015 0015 0015 0015 0041 0015 0015 0015 0041 0015 0041 0015 0015 0015 0015 0015 0041 0015 0613 0154 0056 0015 0E5E",,

"INPUT COMPONENT 1","sendir,1:1,1,38000,1,69,340,171,21,21,21,21,21,65,21,21,21,21,21,21,21,21,21,21,21,65,21,65,21,21,21,65,21,65,21,65,21,65,21,65,21,65,21,65,21,65,21,65,21,65,21,65,21,21,21,65,21,21,21,21,21,21,21,21,21,21,21,21,21,65,21,21,21,1555,340,86,21,3678","0000 006D 0022 0002 0154 00AB 0015 0015 0015 0015 0015 0041 0015 0015 0015 0015 0015 0015 0015 0015 0015 0015 0015 0041 0015 0041 0015 0015 0015 0041 0015 0041 0015 0041 0015 0041 0015 0041 0015 0041 0015 0041 0015 0041 0015 0041 0015 0041 0015 0041 0015 0015 0015 0041 0015 0015 0015 0015 0015 0015 0015 0015 0015 0015 0015 0015 0015 0041 0015 0015 0015 0613 0154 0056 0015 0E5E",,

"INPUT COMPONENT 2","sendir,1:1,1,38000,1,69,340,171,21,21,21,21,21,65,21,21,21,21,21,21,21,21,21,21,21,65,21,65,21,21,21,65,21,65,21,65,21,65,21,65,21,21,21,21,21,65,21,21,21,65,21,21,21,65,21,65,21,65,21,65,21,21,21,65,21,21,21,65,21,21,21,21,21,1555,340,86,21,3678","0000 006D 0022 0002 0154 00AB 0015 0015 0015 0015 0015 0041 0015 0015 0015 0015 0015 0015 0015 0015 0015 0015 0015 0041 0015 0041 0015 0015 0015 0041 0015 0041 0015 0041 0015 0041 0015 0041 0015 0015 0015 0015 0015 0041 0015 0015 0015 0041 0015 0015 0015 0041 0015 0041 0015 0041 0015 0041 0015 0015 0015 0041 0015 0015 0015 0041 0015 0015 0015 0015 0015 0613 0154 0056 0015 0E5E",,

"INPUT DVI","sendir,1:1,1,38000,1,69,340,171,21,21,21,21,21,65,21,21,21,21,21,21,21,21,21,21,21,65,21,65,21,21,21,65,21,65,21,65,21,65,21,65,21,21,21,65,21,21,21,65,21,65,21,21,21,21,21,65,21,65,21,21,21,65,21,21,21,21,21,65,21,65,21,21,21,1555,340,86,21,3678","0000 006D 0022 0002 0154 00AB 0015 0015 0015 0015 0015 0041 0015 0015 0015 0015 0015 0015 0015 0015 0015 0015 0015 0041 0015 0041 0015 0015 0015 0041 0015 0041 0015 0041 0015 0041 0015 0041 0015 0015 0015 0041 0015 0015 0015 0041 0015 0041 0015 0015 0015 0015 0015 0041 0015 0041 0015 0015 0015 0041 0015 0015 0015 0015 0015 0041 0015 0041 0015 0015 0015 0613 0154 0056 0015 0E5E",,

"INPUT FRONT","sendir,1:1,1,38000,1,69,340,171,21,21,21,21,21,65,21,21,21,21,21,21,21,21,21,21,21,65,21,65,21,21,21,65,21,65,21,65,21,65,21,65,21,65,21,21,21,21,21,21,21,65,21,21,21,65,21,65,21,21,21,65,21,65,21,65,21,21,21,65,21,21,21,21,21,1555,340,86,21,3678","0000 006D 0022 0002 0154 00AB 0015 0015 0015 0015 0015 0041 0015 0015 0015 0015 0015 0015 0015 0015 0015 0015 0015 0041 0015 0041 0015 0015 0015 0041 0015 0041 0015 0041 0015 0041 0015 0041 0015 0041 0015 0015 0015 0015 0015 0015 0015 0041 0015 0015 0015 0041 0015 0041 0015 0015 0015 0041 0015 0041 0015 0041 0015 0015 0015 0041 0015 0015 0015 0015 0015 0613 0154 0056 0015 0E5E",,

"INPUT RGB","sendir,1:1,1,38000,1,69,340,171,21,21,21,21,21,65,21,21,21,21,21,21,21,21,21,21,21,65,21,65,21,21,21,65,21,65,21,65,21,65,21,65,21,65,21,65,21,21,21,65,21,65,21,21,21,21,21,65,21,21,21,21,21,65,21,21,21,21,21,65,21,65,21,21,21,1555,340,86,21,3678","0000 006D 0022 0002 0154 00AB 0015 0015 0015 0015 0015 0041 0015 0015 0015 0015 0015 0015 0015 0015 0015 0015 0015 0041 0015 0041 0015 0015 0015 0041 0015 0041 0015 0041 0015 0041 0015 0041 0015 0041 0015 0041 0015 0015 0015 0041 0015 0041 0015 0015 0015 0015 0015 0041 0015 0015 0015 0015 0015 0041 0015 0015 0015 0015 0015 0041 0015 0041 0015 0015 0015 0613 0154 0056 0015 0E5E",,

"INPUT TV VIDEO","sendir,1:1,1,38000,1,69,340,171,21,21,21,21,21,65,21,21,21,21,21,21,21,21,21,21,21,65,21,65,21,21,21,65,21,65,21,65,21,65,21,65,21,65,21,65,21,21,21,65,21,21,21,21,21,21,21,21,21,21,21,21,21,65,21,21,21,65,21,65,21,65,21,65,21,1555,340,86,21,3678","0000 006D 0022 0002 0154 00AB 0015 0015 0015 0015 0015 0041 0015 0015 0015 0015 0015 0015 0015 0015 0015 0015 0015 0041 0015 0041 0015 0015 0015 0041 0015 0041 0015 0041 0015 0041 0015 0041 0015 0041 0015 0041 0015 0015 0015 0041 0015 0015 0015 0015 0015 0015 0015 0015 0015 0015 0015 0015 0015 0041 0015 0015 0015 0041 0015 0041 0015 0041 0015 0041 0015 0613 0154 0056 0015 0E5E",,

"MENU MAIN","sendir,1:1,1,38000,1,69,340,171,21,21,21,21,21,65,21,21,21,21,21,21,21,21,21,21,21,65,21,65,21,21,21,65,21,65,21,65,21,65,21,65,21,65,21,65,21,21,21,21,21,21,21,21,21,65,21,21,21,21,21,21,21,65,21,65,21,65,21,65,21,21,21,65,21,1555,340,86,21,3678","0000 006D 0022 0002 0154 00AB 0015 0015 0015 0015 0015 0041 0015 0015 0015 0015 0015 0015 0015 0015 0015 0015 0015 0041 0015 0041 0015 0015 0015 0041 0015 0041 0015 0041 0015 0041 0015 0041 0015 0041 0015 0041 0015 0015 0015 0015 0015 0015 0015 0015 0015 0041 0015 0015 0015 0015 0015 0015 0015 0041 0015 0041 0015 0041 0015 0041 0015 0015 0015 0041 0015 0613 0154 0056 0015 0E5E",,

"MTS SAP","sendir,1:1,1,38000,1,69,340,171,21,21,21,21,21,65,21,21,21,21,21,21,21,21,21,21,21,65,21,65,21,21,21,65,21,65,21,65,21,65,21,65,21,21,21,65,21,21,21,65,21,21,21,21,21,21,21,21,21,65,21,21,21,65,21,21,21,65,21,65,21,65,21,65,21,1555,340,86,21,3678","0000 006D 0022 0002 0154 00AB 0015 0015 0015 0015 0015 0041 0015 0015 0015 0015 0015 0015 0015 0015 0015 0015 0015 0041 0015 0041 0015 0015 0015 0041 0015 0041 0015 0041 0015 0041 0015 0041 0015 0015 0015 0041 0015 0015 0015 0041 0015 0015 0015 0015 0015 0015 0015 0015 0015 0041 0015 0015 0015 0041 0015 0015 0015 0041 0015 0041 0015 0041 0015 0041 0015 0613 0154 0056 0015 0E5E",,

"MUTE TOGGLE","sendir,1:1,1,38000,1,69,340,171,21,21,21,21,21,65,21,21,21,21,21,21,21,21,21,21,21,65,21,65,21,21,21,65,21,65,21,65,21,65,21,65,21,65,21,21,21,21,21,65,21,21,21,21,21,21,21,21,21,21,21,65,21,65,21,21,21,65,21,65,21,65,21,65,21,1555,340,86,21,3678","0000 006D 0022 0002 0154 00AB 0015 0015 0015 0015 0015 0041 0015 0015 0015 0015 0015 0015 0015 0015 0015 0015 0015 0041 0015 0041 0015 0015 0015 0041 0015 0041 0015 0041 0015 0041 0015 0041 0015 0041 0015 0015 0015 0015 0015 0041 0015 0015 0015 0015 0015 0015 0015 0015 0015 0015 0015 0041 0015 0041 0015 0015 0015 0041 0015 0041 0015 0041 0015 0041 0015 0613 0154 0056 0015 0E5E",,

"PIP","sendir,1:1,1,38000,1,69,340,171,21,21,21,21,21,65,21,21,21,21,21,21,21,21,21,21,21,65,21,65,21,21,21,65,21,65,21,65,21,65,21,65,21,21,21,21,21,21,21,21,21,21,21,65,21,65,21,21,21,65,21,65,21,65,21,65,21,65,21,21,21,21,21,65,21,1555,340,86,21,3678","0000 006D 0022 0002 0154 00AB 0015 0015 0015 0015 0015 0041 0015 0015 0015 0015 0015 0015 0015 0015 0015 0015 0015 0041 0015 0041 0015 0015 0015 0041 0015 0041 0015 0041 0015 0041 0015 0041 0015 0015 0015 0015 0015 0015 0015 0015 0015 0015 0015 0041 0015 0041 0015 0015 0015 0041 0015 0041 0015 0041 0015 0041 0015 0041 0015 0015 0015 0015 0015 0041 0015 0613 0154 0056 0015 0E5E",,

"PIP CHANNEL DOWN","sendir,1:1,1,38000,1,69,340,171,21,21,21,21,21,65,21,21,21,21,21,21,21,21,21,21,21,65,21,65,21,21,21,65,21,65,21,65,21,65,21,65,21,21,21,65,21,21,21,21,21,65,21,65,21,65,21,21,21,65,21,21,21,65,21,65,21,21,21,21,21,21,21,65,21,1555,340,86,21,3678","0000 006D 0022 0002 0154 00AB 0015 0015 0015 0015 0015 0041 0015 0015 0015 0015 0015 0015 0015 0015 0015 0015 0015 0041 0015 0041 0015 0015 0015 0041 0015 0041 0015 0041 0015 0041 0015 0041 0015 0015 0015 0041 0015 0015 0015 0015 0015 0041 0015 0041 0015 0041 0015 0015 0015 0041 0015 0015 0015 0041 0015 0041 0015 0015 0015 0015 0015 0015 0015 0041 0015 0613 0154 0056 0015 0E5E",,

"PIP CHANNEL UP","sendir,1:1,1,38000,1,69,340,171,21,21,21,21,21,65,21,21,21,21,21,21,21,21,21,21,21,65,21,65,21,21,21,65,21,65,21,65,21,65,21,65,21,65,21,21,21,21,21,21,21,65,21,65,21,65,21,21,21,21,21,65,21,65,21,65,21,21,21,21,21,21,21,65,21,1555,340,86,21,3678","0000 006D 0022 0002 0154 00AB 0015 0015 0015 0015 0015 0041 0015 0015 0015 0015 0015 0015 0015 0015 0015 0015 0015 0041 0015 0041 0015 0015 0015 0041 0015 0041 0015 0041 0015 0041 0015 0041 0015 0041 0015 0015 0015 0015 0015 0015 0015 0041 0015 0041 0015 0041 0015 0015 0015 0015 0015 0041 0015 0041 0015 0041 0015 0015 0015 0015 0015 0015 0015 0041 0015 0613 0154 0056 0015 0E5E",,

"PIP INPUT SCROLL","sendir,1:1,1,38000,1,69,340,171,21,21,21,21,21,65,21,21,21,21,21,21,21,21,21,21,21,65,21,65,21,21,21,65,21,65,21,65,21,65,21,65,21,65,21,21,21,21,21,21,21,21,21,65,21,65,21,21,21,21,21,65,21,65,21,65,21,65,21,21,21,21,21,65,21,1555,340,86,21,3678","0000 006D 0022 0002 0154 00AB 0015 0015 0015 0015 0015 0041 0015 0015 0015 0015 0015 0015 0015 0015 0015 0015 0015 0041 0015 0041 0015 0015 0015 0041 0015 0041 0015 0041 0015 0041 0015 0041 0015 0041 0015 0015 0015 0015 0015 0015 0015 0015 0015 0041 0015 0041 0015 0015 0015 0015 0015 0041 0015 0041 0015 0041 0015 0041 0015 0015 0015 0015 0015 0041 0015 0613 0154 0056 0015 0E5E",,

"PIP SWAP","sendir,1:1,1,38000,1,69,341,171,21,21,21,21,21,65,21,21,21,21,21,21,21,21,21,21,21,65,21,65,21,21,21,65,21,65,21,65,21,65,21,65,21,65,21,65,21,21,21,21,21,21,21,65,21,65,21,21,21,21,21,21,21,65,21,65,21,65,21,21,21,21,21,65,21,1555,341,86,21,3678","0000 006D 0022 0002 0155 00AB 0015 0015 0015 0015 0015 0041 0015 0015 0015 0015 0015 0015 0015 0015 0015 0015 0015 0041 0015 0041 0015 0015 0015 0041 0015 0041 0015 0041 0015 0041 0015 0041 0015 0041 0015 0041 0015 0015 0015 0015 0015 0015 0015 0041 0015 0041 0015 0015 0015 0015 0015 0015 0015 0041 0015 0041 0015 0041 0015 0015 0015 0015 0015 0041 0015 0613 0155 0056 0015 0E5E",,

"POWER OFF","sendir,1:1,1,38000,1,69,343,172,21,22,21,22,21,65,21,22,21,22,21,22,21,22,21,22,21,65,21,65,21,22,21,65,21,65,21,65,21,65,21,65,21,65,21,22,21,65,21,22,21,22,21,22,21,65,21,65,21,22,21,65,21,22,21,65,21,65,21,65,21,22,21,22,21,1673,343,86,21,3732","0000 006D 0022 0002 0157 00AC 0015 0016 0015 0016 0015 0041 0015 0016 0015 0016 0015 0016 0015 0016 0015 0016 0015 0041 0015 0041 0015 0016 0015 0041 0015 0041 0015 0041 0015 0041 0015 0041 0015 0041 0015 0016 0015 0041 0015 0016 0015 0016 0015 0016 0015 0041 0015 0041 0015 0016 0015 0041 0015 0016 0015 0041 0015 0041 0015 0041 0015 0016 0015 0016 0015 0689 0157 0056 0015 0E94",,

"POWER ON","sendir,1:1,1,38000,1,69,343,172,21,22,21,22,21,65,21,22,21,22,21,22,21,22,21,22,21,65,21,65,21,22,21,65,21,65,21,65,21,65,21,65,21,22,21,22,21,65,21,22,21,22,21,22,21,65,21,65,21,65,21,65,21,22,21,65,21,65,21,65,21,22,21,22,21,1673,343,86,21,3732","0000 006D 0022 0002 0157 00AC 0015 0016 0015 0016 0015 0041 0015 0016 0015 0016 0015 0016 0015 0016 0015 0016 0015 0041 0015 0041 0015 0016 0015 0041 0015 0041 0015 0041 0015 0041 0015 0041 0015 0016 0015 0016 0015 0041 0015 0016 0015 0016 0015 0016 0015 0041 0015 0041 0015 0041 0015 0041 0015 0016 0015 0041 0015 0041 0015 0041 0015 0016 0015 0016 0015 0689 0157 0056 0015 0E94",,

"POWER TOGGLE","sendir,1:1,1,38000,1,69,340,171,21,21,21,21,21,65,21,21,21,21,21,21,21,21,21,21,21,65,21,65,21,21,21,65,21,65,21,65,21,65,21,65,21,21,21,21,21,21,21,65,21,21,21,21,21,21,21,21,21,65,21,65,21,65,21,21,21,65,21,65,21,65,21,65,21,1555,340,86,21,3678","0000 006D 0022 0002 0154 00AB 0015 0015 0015 0015 0015 0041 0015 0015 0015 0015 0015 0015 0015 0015 0015 0015 0015 0041 0015 0041 0015 0015 0015 0041 0015 0041 0015 0041 0015 0041 0015 0041 0015 0015 0015 0015 0015 0015 0015 0041 0015 0015 0015 0015 0015 0015 0015 0015 0015 0041 0015 0041 0015 0041 0015 0015 0015 0041 0015 0041 0015 0041 0015 0041 0015 0613 0154 0056 0015 0E5E",,

"PREVIOUS CHANNEL","sendir,1:1,1,38000,1,69,340,171,21,21,21,21,21,65,21,21,21,21,21,21,21,21,21,21,21,65,21,65,21,21,21,65,21,65,21,65,21,65,21,65,21,21,21,65,21,21,21,65,21,65,21,21,21,21,21,21,21,65,21,21,21,65,21,21,21,21,21,65,21,65,21,65,21,1555,340,86,21,3678","0000 006D 0022 0002 0154 00AB 0015 0015 0015 0015 0015 0041 0015 0015 0015 0015 0015 0015 0015 0015 0015 0015 0015 0041 0015 0041 0015 0015 0015 0041 0015 0041 0015 0041 0015 0041 0015 0041 0015 0015 0015 0041 0015 0015 0015 0041 0015 0041 0015 0015 0015 0015 0015 0015 0015 0041 0015 0015 0015 0041 0015 0015 0015 0015 0015 0041 0015 0041 0015 0041 0015 0613 0154 0056 0015 0E5E",,

"SURF","sendir,1:1,1,38000,1,69,340,171,21,21,21,21,21,65,21,21,21,21,21,21,21,21,21,21,21,65,21,65,21,21,21,65,21,65,21,65,21,65,21,65,21,21,21,65,21,65,21,65,21,65,21,21,21,21,21,21,21,65,21,21,21,21,21,21,21,21,21,65,21,65,21,65,21,1555,340,86,21,3678","0000 006D 0022 0002 0154 00AB 0015 0015 0015 0015 0015 0041 0015 0015 0015 0015 0015 0015 0015 0015 0015 0015 0015 0041 0015 0041 0015 0015 0015 0041 0015 0041 0015 0041 0015 0041 0015 0041 0015 0015 0015 0041 0015 0041 0015 0041 0015 0041 0015 0015 0015 0015 0015 0015 0015 0041 0015 0015 0015 0015 0015 0015 0015 0015 0015 0041 0015 0041 0015 0041 0015 0613 0154 0056 0015 0E5E",,

"VIDEO","sendir,1:1,1,38000,1,69,340,171,21,21,21,21,21,65,21,21,21,21,21,21,21,21,21,21,21,65,21,65,21,21,21,65,21,65,21,65,21,65,21,65,21,65,21,21,21,65,21,65,21,21,21,21,21,65,21,21,21,21,21,65,21,21,21,21,21,65,21,65,21,21,21,65,21,1555,340,86,21,3678","0000 006D 0022 0002 0154 00AB 0015 0015 0015 0015 0015 0041 0015 0015 0015 0015 0015 0015 0015 0015 0015 0015 0015 0041 0015 0041 0015 0015 0015 0041 0015 0041 0015 0041 0015 0041 0015 0041 0015 0041 0015 0015 0015 0041 0015 0041 0015 0015 0015 0015 0015 0041 0015 0015 0015 0015 0015 0041 0015 0015 0015 0015 0015 0041 0015 0041 0015 0015 0015 0041 0015 0613 0154 0056 0015 0E5E",,

"VOLUME DOWN","sendir,1:1,1,38000,1,69,341,171,21,21,21,21,21,65,21,21,21,21,21,21,21,21,21,21,21,65,21,65,21,21,21,65,21,65,21,65,21,65,21,65,21,65,21,65,21,21,21,21,21,21,21,21,21,21,21,21,21,21,21,21,21,65,21,65,21,65,21,65,21,65,21,65,21,1555,341,86,21,3678","0000 006D 0022 0002 0155 00AB 0015 0015 0015 0015 0015 0041 0015 0015 0015 0015 0015 0015 0015 0015 0015 0015 0015 0041 0015 0041 0015 0015 0015 0041 0015 0041 0015 0041 0015 0041 0015 0041 0015 0041 0015 0041 0015 0015 0015 0015 0015 0015 0015 0015 0015 0015 0015 0015 0015 0015 0015 0015 0015 0041 0015 0041 0015 0041 0015 0041 0015 0041 0015 0041 0015 0613 0155 0056 0015 0E5E",,

"VOLUME UP","sendir,1:1,1,38000,1,69,340,171,21,21,21,21,21,65,21,21,21,21,21,21,21,21,21,21,21,65,21,65,21,21,21,65,21,65,21,65,21,65,21,65,21,21,21,65,21,21,21,21,21,21,21,21,21,21,21,21,21,65,21,21,21,65,21,65,21,65,21,65,21,65,21,65,21,1555,340,86,21,3678","0000 006D 0022 0002 0154 00AB 0015 0015 0015 0015 0015 0041 0015 0015 0015 0015 0015 0015 0015 0015 0015 0015 0015 0041 0015 0041 0015 0015 0015 0041 0015 0041 0015 0041 0015 0041 0015 0041 0015 0015 0015 0041 0015 0015 0015 0015 0015 0015 0015 0015 0015 0015 0015 0015 0015 0041 0015 0015 0015 0041 0015 0041 0015 0041 0015 0041 0015 0041 0015 0041 0015 0613 0154 0056 0015 0E5E",,
